,country,year,yearly return of MSCI,change in IMF one year T-bill rate,GDP,real GDP growth,GDP per capita,inflation,unemployment rate,yearly wage (insurance sector),change in population,change in current account,change in yearly wage,change in unemployment rate,change in exchange rate,growth of export,growth of import,growth of consumption per capita,growth of capital,growth of industry production,growth of tax revenue,growth of gov expenditure,growth of carbon emission,growth of labor in agriculture industry,growth of population with access to Internet,Labor force / population,Capital Ratio of Banks,Domestic credit / GDP,Domestic private credit / GDP,insurance penetration,insurance density
2,austria,2005,0.1067351,-0.0906893,304983.71,2.4,37047.68,2.3,7.27,48623.34,0.004884,0.0281779,0.023,0.0268362,-0.012345679012345734,6.665107,5.46,1.55,0.25,2.03,1.73855975655299,-0.159141737768997,0.580474934036945,0.08076300117116442,0.07375225282373399,55.263,4.8,125.98,93.99192,0.062006,2297.791
3,austria,2006,0.1656524,-0.043883,324954.5,3.67,39277.93,1.45,6.81,49328.38,0.0048603,0.4478811,0.0145,-0.0632737,0.0,7.576173,5.85,1.59,1.15,3.65,3.54842312505588,3.84467535601607,-2.80692549842603,-0.0008599998616620752,0.10188125864163888,55.984001,3.79492,125.66,94.109406,0.0599278,2354.755
4,austria,2007,0.1709827,0.1265647,375042.21,3.71,45132.61,2.17,6.23,50398.8,0.0048368,0.458676,0.0217,-0.0851689,-0.08750000000000002,7.571809,5.63,0.78,4.64,5.14,7.33570570105508,3.62152329882741,-3.85964912280702,0.060447954069246856,0.09599883643996288,57.027,3.813906,122.7,92.602606,0.0576822,2603.281
5,austria,2008,0.1392737,0.0691357,414171.2,1.4,49650.06,3.22,5.85,52021.64,0.0036101,0.5260071,0.0322,-0.0609952,-0.06849315068493145,2.170667,0.95,0.63,1.61,-0.28,6.18058079903301,4.82158796953802,-0.715889949466597,-0.04720559338299146,0.0542463398018993,57.685001,3.612004,126.3,95.499447,0.057421,2851.572
6,austria,2009,0.0824845,-0.0415704,383626.5,-3.81,45835.49,0.51,7.16,65750.0,0.0035971,-0.4887058,0.2638971,0.2239316,0.0588235294117645,-14.368108,-11.9,0.59,-7.18,-11.3,-4.83092303341327,6.23319197422747,-8.92124982327159,0.016978417266187096,0.011585132881755333,57.245998,4.581535,135.09,97.402126,0.0595019,2727.182
7,austria,2010,0.1162382,-0.1361446,379310.93,2.31,45190.26,1.81,6.94,63615.79,0.0023895,0.2777404,-0.0324595,-0.0307263,0.05555555555555558,13.131073,11.97,0.75,-2.59,3.38,2.98052028706295,0.379434345936325,8.59981372244645,-0.018336612139668085,0.025862732228704388,57.488998,5.095051,135.06,98.189354,0.058493,2644.46
8,austria,2011,0.1354012,-0.0864714,418030.6,2.51,49688.65,3.27,6.73,68966.66,0.0023838,-0.8276413,0.0841124,-0.0302594,-0.052631578947368474,5.935362,5.95,1.0,6.65,3.98,5.33325267430398,0.990287575253124,-2.41566609491137,-0.04956316243402825,0.04998935269963356,57.731998,4.98718,132.09,95.721563,0.0550191,2734.798
9,austria,2012,0.1024562,-0.1312977,398141.52,0.67,46840.18,2.49,6.98,70683.94,0.0107015,2.309257,0.0249001,0.0371471,0.08333333333333348,1.437695,0.92,0.06,0.91,1.47,4.78348156478572,3.43268885735468,-4.62868024022265,-0.0424932724200513,0.027259902320042384,57.800999,5.12553,135.25,93.862905,0.0529256,2479.043
13,belgium,2005,0.1382114,-0.090036,377350.39,1.8,36234.19,2.78,8.42,48795.0,0.0048263,-0.3258405,0.022559,0.0095923,-0.012345679012345734,5.511088,6.43,0.89,5.74,2.38,4.59664320519761,9.82254431267948,-2.99070338537099,-0.07664614421371185,0.041392527746036745,48.800999,7.861859,100.75,63.597125,0.1102326,3995.803
14,belgium,2006,0.147515,-0.0435356,399965.71,2.67,38182.91,1.79,8.19,49425.0,0.0057637,-0.0204489,0.0129112,-0.0273159,0.0,5.700623,5.14,1.11,1.91,0.7,4.47821229532239,-1.34409689193535,-1.77199168248802,-0.03860823868452279,0.07603381391607655,48.728001,3.041758,106.0,65.833004,0.0910199,3477.061
15,belgium,2007,0.1476012,0.1241379,459619.17,2.86,43612.27,1.82,7.48,54263.02,0.0066858,-0.0667716,0.097886,-0.0866911,-0.08750000000000002,5.436045,5.58,1.35,7.28,4.84,4.26892393885878,5.17374892325233,-3.73676944316613,-0.03977665123796936,0.08624968093701835,49.591999,4.297509,108.79,68.443267,0.0916418,3996.237
16,belgium,2008,0.0985698,0.0736197,507379.28,0.95,47856.19,4.49,7.1,56699.43,0.0056926,-2.009698,0.0449,-0.0508021,-0.06849315068493145,1.807624,3.81,0.58,1.91,-2.02,3.1971950053356,7.04132713049641,2.23730758198681,-0.16192283364958882,0.03003897540273992,49.932999,3.883539,110.6,62.757734,0.0827912,3962.879
17,belgium,2009,-0.0185202,-0.0491429,473404.36,-2.75,44405.51,-0.05,7.82,59350.0,0.0056604,-0.0772124,0.0467478,0.1014085,0.0588235294117645,-11.275294,-10.86,-0.22,-6.62,-4.98,-5.54217953833876,6.01492093383826,-6.7894884503881,-0.03326841144248327,0.06660949113779302,49.241001,4.526172,116.05,58.678199,0.0814586,3617.528
18,belgium,2010,0.0271775,-0.1153846,471660.67,2.42,44030.79,2.19,8.21,60649.77,0.0046904,-2.283879,0.0219,0.0498721,0.05555555555555558,10.439085,9.69,2.07,0.01,4.79,7.42496082638804,3.34138197034861,7.0733420286947,-0.08971001171033888,0.07645403377110704,49.588001,5.025883,113.68,56.800943,0.080664,3552.384
19,belgium,2011,0.0457985,0.0448369,514124.3,1.81,47807.73,3.53,7.23,61816.67,0.0037348,-1.672212,0.01924,-0.1193666,-0.052631578947368474,4.631281,5.63,-0.44,5.22,1.33,5.80421880937843,6.33753957894596,-9.59520239880059,-0.03344053670851077,0.09219732337379383,49.402,4.921181,114.0,55.420438,0.0771223,3688.416
20,belgium,2012,0.0453817,-0.059818,484296.67,-0.19,45688.36,2.84,7.62,63572.26,-0.0139535,0.1743805,0.0284,0.0539419,0.08333333333333348,-0.486851,-0.67,0.84,0.65,-1.84,5.44345994087021,4.92682910411628,-1.25414593698175,-0.1125581395348838,-0.02470684452144778,49.235001,5.331741,113.23,54.73792,0.083193,3800.952
24,croatia,2005,-0.041718,0.0529411,44821.13,4.28,10090.34,3.34,12.68,20156.37,-0.0022472,0.3824716,0.0900318,-0.0758018,-0.013266998341625258,4.575556,5.233107,4.438643,3.570139,5.180008,7.57485087745595,3.02564988573781,1.65876955298618,0.01715519239292851,0.06973562244864584,43.368,9.0,62.845845,51.39526,0.0275647,278.2613
25,croatia,2006,0.0307865,-0.0418994,49855.14,4.94,11244.36,3.21,11.22,21285.62,-0.0022523,0.3141461,0.0560244,-0.115142,-0.01848739495798324,7.948204,8.258538,1.268331,8.400515,4.946916,11.6499538933357,8.29793844133238,0.745920006100831,-0.178155709407532,0.14346588592213183,43.715,9.662518,68.589468,57.936192,0.0281062,316.307
26,croatia,2007,0.2308319,0.1836734,59335.58,5.06,13406.16,2.87,9.08,24456.72,0.0,0.338757,0.1489785,-0.1907308,-0.08219178082191769,5.004566,6.05672,5.042788,4.608755,4.309286,9.80539315363946,8.36092501336982,5.87690196738038,-0.13333333333333341,0.09110057925223813,47.685001,11.878986,70.757671,60.931752,0.0284785,381.4424
27,croatia,2008,0.2197315,0.270936,69586.49,2.08,15749.3,6.07,8.39,27799.19,-0.0022573,0.404935,0.1366689,-0.0759912,-0.07835820895522383,-2.114193,3.843121,3.035174,10.069809,1.957866,6.93917438595248,7.83133075674463,-5.02622229532345,0.03571343709160035,0.06515770849856639,48.589001,12.848298,73.899361,63.457578,0.0282061,444.0634
28,croatia,2009,0.0923563,0.1666667,62202.07,-6.95,14102.02,2.38,9.08,26481.82,-0.0022624,-0.4995831,-0.0473888,0.0822408,0.06882591093117396,-13.821703,-20.342829,-8.759218,-14.805481,-11.069141,-7.57554062306047,1.7741115411025,-6.53474508020769,0.036650877799818016,0.14072254997422506,48.233002,13.24401,77.376179,65.97828,0.0287886,406.0567
29,croatia,2010,0.1447937,-0.1760797,58895.3,-1.41,13375.17,1.05,11.84,25909.09,-0.0022676,-0.7186277,-0.0216272,0.3039648,0.04166666666666652,7.783554,-3.038774,-1.306605,-13.919923,-8.622818,-1.49704709886155,-1.29991074202384,-4.18513246848158,0.06739392453678161,0.11549562490081056,46.470001,12.852695,90.488251,67.292826,0.0286011,382.8341
30,croatia,2011,0.1550978,-0.3024194,61785.01,-0.01,14054.82,2.26,13.54,26732.58,0.0,-0.5356367,0.0317839,0.1435811,-0.029090909090909167,2.303605,2.538904,1.410743,-3.764021,-1.974023,-1.30645839732647,2.63661923881213,-2.20965270935467,0.023859649122806914,0.02192712643678174,44.748001,12.623413,88.712375,68.968739,0.0276985,388.9432
31,croatia,2012,0.1300843,0.034682,56161.57,-1.87,13038.33,3.42,15.95,27646.84,-0.0204545,-0.5318946,0.0342,0.1779911,0.09550561797752799,-1.45689,-2.358771,-2.071452,-4.539553,-7.402615,2.86601813789094,-2.08348716749118,-8.51287851558867,-0.1775577917627268,0.04988823420091859,43.187,12.995084,88.527386,69.764842,0.0275092,358.4594
35,czech republic,2005,0.1548824,-0.1364149,130066.44,6.75,12749.11,1.85,8.93,18442.74,0.0,-0.7896093,0.1331497,-0.1007049,-0.067704280155642,18.158472,12.48,3.43,6.04,10.42,5.93597730623865,6.692665811816,-2.7948801036941,-0.10561797752808999,-0.006478873239436522,54.671001,19.533777,41.57,29.207868,0.0368279,469.6157
36,czech republic,2006,0.2392752,-0.0483029,148374.09,7.02,14516.59,2.53,8.08,20813.1,0.0019608,1.587925,0.1285253,-0.0951848,-0.056761268781302165,14.289211,11.48,3.47,5.48,14.21,5.10630803065562,5.11560512468379,0.508375697974839,-0.05342398265838988,0.36160987786098264,55.032001,6.0,46.75,33.826345,0.0364258,528.8307
37,czech republic,2007,0.213048,0.1426612,180478.62,5.74,17592.22,2.93,6.55,24266.14,0.0039139,1.536497,0.1659072,-0.1893564,-0.10221238938053112,11.031356,12.88,3.53,13.28,4.99,11.6095738054987,6.64473643623931,2.50414593698176,-0.04414581338218759,0.08769556712475746,55.643002,5.043087,51.42,38.668616,0.0362849,638.27
38,czech republic,2008,0.2480054,0.0744298,225426.79,3.1,21856.39,6.35,5.45,31373.64,0.0048733,-0.398791,0.2928978,-0.1679389,-0.1586988664366683,4.213839,3.18,2.14,1.92,6.42,-0.605079800379471,6.09413635495919,-4.29542145283934,-0.11020996003354122,0.2185032032549441,55.931999,5.445594,58.28,43.214234,0.0363372,794.5082
39,czech republic,2009,0.2269792,-0.0748603,197187.17,-4.51,19002.33,1.04,8.12,30309.13,0.0067895,0.015755,-0.0339301,0.4899082,0.11657879320445219,-9.827928,-11.08,-1.04,-9.02,-9.93,-3.66019939203875,6.09619415734695,-6.03499281548474,-0.009090436224669318,0.030132588193814813,54.771999,6.054329,60.92,44.963331,0.0383538,728.6002
40,czech republic,2010,0.2209135,-0.0495169,198493.59,2.47,19012.79,1.41,9.03,29890.05,0.0057803,0.5677397,-0.0138267,0.112069,0.0020986358866736943,14.661605,14.81,1.06,0.35,6.68,1.10560252423708,-0.689281054335633,0.971485112890158,-0.0006669630947089278,0.07431015781791195,54.186001,6.453443,62.72,46.31716,0.0411504,782.3851
41,czech republic,2011,0.2099415,-0.0355781,216061.19,1.82,20590.98,1.94,8.53,32916.61,0.0047893,-0.1957626,0.1012563,-0.055371,-0.0732984293193718,9.163514,6.72,0.19,1.06,5.22,7.30627822814724,0.779335477646281,-2.74387527839643,-0.030864540847855504,0.029171691157230617,54.351002,6.462735,68.25,48.313071,0.040564,835.4919
42,czech republic,2012,0.2155334,-0.2332016,195656.55,-1.24,18354.18,3.3,8.63,32086.82,0.0162059,-0.2261429,-0.0252087,0.0117233,0.10621468926553668,4.279401,2.63,-1.22,-3.33,-4.05,2.9731461480319,4.1337275378724,-2.83960795090227,0.036598002238156235,0.05858987090367451,54.547001,6.846008,68.37,49.399156,0.0401,736.0066
46,denmark,2005,0.1497687,-0.1055684,257675.53,2.45,47546.49,1.81,5.1,72672.0,0.0037037,0.8690724,0.043117,-0.1252144,0.0016694490818029983,7.820181,11.4,3.41,5.94,-0.86,8.9440822062991,1.82185854379113,-6.56988646938396,-0.023921168875297272,0.02615154385820362,62.479,6.144345,184.92,157.543691,0.0943967,4487.77
47,denmark,2006,0.1833468,-0.0648508,274377.14,3.39,50412.47,1.89,3.91,76186.89,0.00369,-0.259861,0.0483665,-0.2333333,-0.008333333333333304,10.337621,13.97,2.61,13.67,3.79,2.66984773183885,3.1480948267588,15.796812749004,-0.02471628489869815,0.05112088104202317,63.359001,5.738911,194.83,169.04436,0.0966082,4872.623
48,denmark,2007,0.1797733,0.1234397,311417.37,1.58,56940.93,1.71,3.56,87882.35,0.0055147,-0.4629587,0.1535102,-0.0895141,-0.08571428571428563,3.653557,5.84,1.32,0.69,-2.48,3.29111088510079,2.86925629812016,-8.1197316359883,-0.03678850180849047,-0.013284299582499104,63.213001,6.240803,214.94,184.492318,0.0914485,5206.334
49,denmark,2008,0.128886,0.0580246,343881.34,-0.78,62554.45,3.4,2.62,90870.35,0.0054845,1.265782,0.034,-0.2640449,-0.06250000000000011,3.872017,4.77,-0.1,-2.5,-1.21,-0.10095684655681,5.31323711206306,-6.14117206515634,-0.07943821335046197,0.005366210140694383,62.685001,5.516437,239.12,191.188428,0.096169,6012.858
50,denmark,2009,0.0917628,-0.0816803,310544.94,-5.67,56208.51,1.33,4.71,92078.93,0.0036364,0.0766697,0.0133,0.7977099,0.050980392156862786,-9.22439,-11.94,-3.95,-12.97,-10.59,-3.89188946405111,7.21269414789651,-4.38858966686615,0.022153639718215157,0.025120934111759752,60.263,5.49294,237.2,201.258548,0.0986697,5550.977
51,denmark,2010,0.0870763,-0.1715375,313138.79,1.58,56419.96,2.3,6.04,94196.74,0.0054348,0.7030506,0.023,0.2823779,0.04850746268656714,2.940135,0.54,0.34,-5.75,0.15,5.1666906826912,5.41003003175724,0.396411433340282,-0.07470856962822925,0.027201449942923617,58.578999,5.432214,234.09,193.03957,0.0991642,5594.982
52,denmark,2011,0.1070257,-0.1319019,333696.09,1.1,59877.28,2.76,5.99,96796.57,0.0036036,0.0300162,0.0276,-0.0082781,-0.04448398576512458,7.194876,7.44,-0.14,0.39,2.75,2.04402069325618,1.54504974130623,-10.4322527015794,-0.05171313045328785,0.01593372001397264,58.151001,18.851583,237.78,187.240882,0.1032934,6188.258
53,denmark,2012,0.1109503,-0.270318,315164.38,-0.36,56301.87,2.41,6.03,99129.37,0.005386,-0.0072748,0.0241,0.0066778,0.07821229050279332,1.162206,2.71,0.13,3.73,1.6,4.30421518414668,5.3810953522804,-11.322505800464,0.10592459605026927,0.03281273832229492,57.450001,18.520972,230.47,182.096142,0.1056256,5944.539
57,finland,2005,0.2966896,-0.0946602,195777.99,2.91,37331.28,0.86,8.58,45930.0,0.001912,-0.3790307,0.0581144,-0.0283126,-0.012345679012345734,6.948054,11.18,2.82,3.25,3.77,3.74496228169887,3.45199153357707,-18.0555555555556,-0.034084794082962167,0.030838640389836636,55.650002,9.447984,91.35,69.241652,0.0392096,1464.956
58,finland,2006,0.340355,-0.0442359,207949.45,4.41,39489.55,1.57,7.91,47640.0,0.0057252,0.4845977,0.0372306,-0.0780886,0.0,9.813796,6.59,3.52,1.36,8.69,4.21140705619858,2.8494903653002,20.84385142445,-0.027590757511102848,0.07567224358606417,56.318001,9.380475,93.26,73.394564,0.0367305,1449.353
59,finland,2007,0.3070704,0.1318372,246127.53,5.33,46523.15,2.51,6.87,54263.02,0.0037951,0.1495788,0.1390222,-0.1314791,-0.08750000000000002,8.987416,7.38,3.06,10.3,8.32,6.79015885760166,4.78515625,-2.86481647269472,-0.024147836934041322,0.017908178067984615,57.044998,6.079155,98.81,76.273841,0.0328867,1530.115
60,finland,2008,0.294072,0.0631971,271974.34,0.29,51158.25,4.07,6.37,62611.77,0.0056711,-0.3273303,0.1538571,-0.0727802,-0.06849315068493145,6.601189,7.97,1.49,0.63,-2.54,2.54014284947102,6.7354711032872,-12.9646697388633,0.0012408084408284115,0.041650149230260114,57.563999,5.049598,130.09,80.098834,0.0326879,1671.105
61,finland,2009,0.1413859,-0.0641026,239382.63,-8.54,44815.23,0.0,8.24,60816.67,0.0037594,-0.2527586,-0.0286703,0.2935636,0.0588235294117645,-20.113591,-17.0,-3.38,-12.03,-17.91,-9.40435040675954,5.81456768031736,-4.37698552770914,0.028187171468494254,-0.010396644174078262,55.5,4.761333,135.93,86.18189,0.0387789,1738.39
62,finland,2010,-0.0457188,-0.1594022,236801.8,3.32,44142.0,1.22,8.38,59573.68,0.0037453,-0.1167396,-0.0204382,0.0169903,0.05555555555555558,6.180251,6.3,2.53,2.3,8.13,3.12168802389441,3.26096922402992,15.4115909929863,-0.0374450942800979,0.057284891642750635,54.929001,4.263586,152.25,87.938961,0.0483201,2134.756
63,finland,2011,-0.0094083,-0.1081482,263415.06,2.74,48916.45,3.42,7.78,62016.67,0.005597,-1.301728,0.0410078,-0.071599,-0.052631578947368474,2.029001,6.21,2.42,3.89,0.11,9.84583761562179,4.75622027978928,-11.8503118503118,-0.04196500605082709,0.026660273840831472,55.249001,3.647153,189.43,89.285245,0.0353689,1728.514
64,finland,2012,-0.0080231,-0.1877077,247388.64,-0.83,45741.0,2.81,7.68,63759.34,0.0037106,1.077121,0.0281,-0.0128535,0.08333333333333348,0.233335,1.12,-0.09,-0.28,-7.67,1.76748775176918,4.85859318346629,-10.3592162554427,-0.01289929253455091,0.016948557022956834,55.154999,3.999554,165.42,91.707994,0.0392974,1796.991
68,france,2005,0.1277084,-0.0874847,2134093.2,1.85,34987.14,1.74,8.88,55800.0,0.0066007,-1.930175,0.051948,0.0,-0.012345679012345734,3.97562,6.32,1.65,2.9,1.31,5.08806521484733,4.28095476651755,0.759678637346717,-0.053223151772541555,0.10224700630982642,51.465,4.4,106.06,80.135851,0.1033689,3616.375
69,france,2006,0.1526168,-0.0399468,2257140.7,2.65,36774.39,1.68,8.83,58245.0,0.0062295,0.2658832,0.0438172,-0.0056306,0.0,5.997734,5.6,1.44,3.65,1.92,5.95339397033703,3.84917475929372,-2.3932144170651,0.031108809223563405,0.1001160963186456,51.404999,4.5,127.02,84.222501,0.1094895,4026.283
70,france,2007,0.1401373,0.1234397,2583116.8,2.25,41835.51,1.49,8.0,66246.58,0.0058651,1.048814,0.1373779,-0.0939977,-0.08750000000000002,2.79119,5.76,2.01,5.53,2.64,3.78201085900349,4.41022502463941,-2.3469251069015,-0.0696421972907314,0.4183406151788158,51.969002,4.1,137.58,88.77967,0.1036919,4338.327
71,france,2008,0.1090918,0.0530863,2829539.4,-0.19,45565.41,2.81,7.38,68108.11,0.0058309,0.8743349,0.0281,-0.0775,-0.06849315068493145,0.440687,1.3,-0.04,0.85,-2.95,2.23806448407771,4.02407406499801,-1.33395808874565,-0.2011661807580174,0.07568661340419713,52.389999,2.964436,143.24,92.493952,0.0948927,4323.715
72,france,2009,0.0415161,-0.0762016,2620186.6,-3.05,41960.06,0.09,9.13,68169.41,0.005475,-0.2894644,0.0009,0.2371274,0.0588235294117645,-10.898042,-9.35,-0.21,-9.07,-5.96,-6.43097032708053,4.25446506815625,-3.9833460147866,0.07519776202733963,0.01827820290948634,51.634998,3.658464,140.57,95.035999,0.1058785,4443.009
73,france,2010,0.0187649,-0.140863,2564071.2,1.57,40837.34,1.53,9.33,69212.4,0.0056054,0.1227282,0.0153,0.0219058,0.05555555555555558,8.695173,8.89,1.38,2.08,0.47,4.1707196743479,2.56700181129947,1.17824742739221,-0.0012588193881141185,0.08568292618751383,51.498001,3.88994,143.85,95.851428,0.1209666,4939.751
74,france,2011,0.0234244,-0.0487445,2773816.0,1.7,43940.95,2.12,9.2,74400.0,0.0054149,0.3681506,0.0749519,-0.0139335,-0.052631578947368474,6.36389,5.84,0.13,2.07,1.38,7.16419513055617,2.07897679656748,-3.63447869342688,0.00541487498009241,0.01244028947917708,51.303001,3.890226,145.88,96.793432,0.1066375,4685.453
75,france,2012,0.0225562,-0.0900621,2605397.2,0.45,40749.71,1.96,9.83,75858.24,0.0128307,0.0507553,0.0196,0.0684783,0.08333333333333348,2.842136,0.2,-0.9,0.23,-0.98,4.77149840222437,2.95887104501886,0.978695441347033,0.016311184633464926,0.059945123496965014,51.161999,4.266509,147.67,96.540843,0.1000116,4075.227
79,germany,2005,0.1121388,-0.0887793,2762162.4,0.83,33464.13,1.56,11.73,72053.12,0.0002424,0.1003887,0.0156,0.1107955,-0.012345679012345734,6.68614,5.96,0.82,0.89,0.37,2.52398591905758,1.20411418285027,-2.27629919158782,0.004480680595151165,0.06174344094890172,51.894001,4.07,132.6,105.449262,0.0704706,2358.266
80,germany,2006,0.132644,-0.037889,2903614.9,3.89,35179.98,1.57,10.78,73184.35,0.0,0.3005058,0.0157,-0.0809889,0.0,12.290843,11.15,1.46,7.54,5.11,7.57426146564386,0.696440632523165,1.49928587452328,-0.04219409282700426,0.05021103187308973,52.917,4.33,127.36,102.070371,0.0692422,2435.823
81,germany,2007,0.1296696,0.1223629,3328641.1,3.39,40339.34,2.29,8.66,74860.27,-0.0002423,0.3643009,0.0229,-0.1966605,-0.08750000000000002,8.88648,6.21,-0.1,3.61,3.66,8.94675754713761,0.569812728105989,-3.75854681641483,-0.004646525673308699,0.04132189888984805,54.028,4.27,120.48,97.128603,0.0663545,2676.566
82,germany,2008,0.1009125,0.0275689,3619161.5,0.81,43881.92,2.63,7.54,83160.0,-0.0004847,-0.0904836,0.1108696,-0.1293302,-0.06849315068493145,1.940782,2.3,0.53,1.58,-1.22,3.30727412304752,3.77043282535701,0.751468496446406,-0.20834852586018282,0.03728300936673623,54.785,4.49,122.28,97.004818,0.0659536,2893.997
83,germany,2009,0.0400722,-0.1219512,3296189.2,-5.08,39999.87,0.31,7.76,81216.66,-0.0008487,-0.1245231,-0.0233686,0.0291777,0.0588235294117645,-14.278741,-9.69,0.17,-9.46,-13.46,-5.30246351902403,4.63360277639249,-6.94956248654536,-0.06224905038770212,0.011960941580243079,54.792999,4.81,128.45,98.769815,0.0722439,2889.572
84,germany,2010,0.0239503,-0.1722222,3273791.9,3.56,39777.79,1.14,7.08,80178.95,-0.0013348,0.0131843,-0.0127772,-0.0876289,0.05555555555555558,14.407745,12.87,0.86,5.27,14.7,0.32954205753819,4.7184582982523,5.20678951021352,-0.01916809679823872,0.0365892058693873,55.231998,4.3,164.8,88.491265,0.0723516,2878.056
85,germany,2011,0.0506184,-0.102349,3568779.3,3.06,43435.36,2.3,6.48,87250.0,-0.0017011,0.0100509,0.0881909,-0.0847458,-0.052631578947368474,8.349925,7.33,3.75,7.39,5.01,7.51094274302821,-1.32138003772589,-3.43953712549269,-0.0017010935601458055,-0.010588388702842066,56.592999,4.36,161.97,84.898202,0.0693747,3013.423
86,germany,2012,0.0519157,-0.2317757,3428025.1,0.87,41401.21,2.01,6.83,82784.62,0.0077897,0.1762369,-0.0511792,0.0540123,0.08333333333333348,2.905709,0.1,1.31,-0.23,-0.09,4.27387931916186,1.16197808413796,1.82858487376982,-0.04718066743383187,0.021182232545199797,56.838001,4.73,156.92,83.807038,0.0680762,2818.441
101,ireland,2005,0.1216571,-0.0974422,202752.2,5.88,48761.46,2.43,4.38,65767.54,0.0171149,5.616933,0.0243,-0.0223214,-0.012345679012345734,5.47991,12.72,4.72,16.84,6.18,10.8208343266388,9.65397509625237,4.38576862832849,-0.05781361375324767,0.14415116488894442,62.284,4.311087,152.71,124.638032,0.0943598,4598.957
102,ireland,2006,0.1167748,-0.0418353,222958.22,5.4,52753.34,3.94,4.43,68358.78,0.0168269,0.0990785,0.0394,0.0114155,0.0,6.051221,9.3,3.56,7.21,2.54,14.1721999898186,10.3567319780292,1.30760986066452,-0.01758346349082396,0.3396407575841607,62.956001,4.773018,172.59,144.568695,0.1057612,5574.544
103,ireland,2007,0.1191517,0.1380282,258307.58,5.45,60193.91,4.88,4.58,71694.69,0.0141844,0.7624026,0.0488,0.03386,-0.08750000000000002,8.901457,9.35,3.63,0.03,4.83,3.32959399728054,13.1697354693435,-1.9043588658485,-0.03377178273776249,0.1314760622126312,63.312,4.881011,234.1,158.097607,0.1166608,7024.331
104,ireland,2008,0.0530832,0.0940594,262030.36,-2.11,60197.2,4.05,6.3,74598.32,0.013986,0.104435,0.0405,0.3755459,-0.06849315068493145,-3.803445,-2.79,-1.83,-11.58,-8.08,-12.381904688986,10.8113830109096,-1.25107851596203,-0.013973159193747642,0.08328721638074144,61.476002,4.348431,230.65,166.321037,0.094106,5668.648
105,ireland,2009,-0.0403842,0.1040724,224041.79,-5.46,50778.01,-4.48,11.83,71256.31,0.0137931,-0.6730471,-0.0448,0.8777778,0.0588235294117645,4.648519,-1.7,-6.28,-16.93,-8.6,-15.6010652636323,2.09530390431629,-11.4023591087811,0.07128609608239378,0.0454450460720055,56.007999,6.688063,233.6,169.251112,0.0952752,4840.277
106,ireland,2010,-0.0499426,0.1239754,207254.82,-0.77,46366.77,-0.95,13.65,70579.38,0.0136054,-1.463611,-0.0095,0.1538462,0.05555555555555558,5.981848,0.57,-0.24,-15.03,0.51,-2.1675490163677,36.7066139629323,-0.912228796844183,0.0426174047436505,0.05076194918454169,53.504002,8.386723,236.13,133.317487,0.0977241,4531.049
107,ireland,2011,-0.0537191,0.3983591,221020.98,1.43,48833.63,2.58,14.38,72400.32,0.0134228,0.0841466,0.0258,0.0534799,-0.052631578947368474,3.108746,2.64,-1.78,-0.05,1.36,2.59962739931956,-25.2880846339519,-8.73351579995023,0.009897869857018016,0.08654595417793653,52.458,6.883559,227.48,115.68802,0.0881777,4302.236
108,ireland,2012,-0.0383488,0.0280313,210636.45,0.16,46031.8,1.69,14.67,73623.88,0.0110375,2.677791,0.0169,0.0201669,0.08333333333333348,-0.822203,-1.01,-1.09,16.1,-2.21,5.31070516500907,-8.06095179139039,1.22682660850599,0.02162430798747139,0.038443138236300634,52.117001,7.374273,204.74,111.269843,0.090496,4161.957
112,italy,2005,0.1295363,-0.0810811,1787151.7,1.09,30460.46,2.0,7.7,27759.43,0.0070374,0.8076411,0.0133505,-0.0410959,-0.012345679012345734,3.216573,3.44,0.89,1.55,0.79,2.06717753991357,3.63454470133007,0.302709574570481,0.02163216366413434,0.0603582926116919,45.313999,4.612424,104.72,70.555978,0.0763901,2326.925
113,italy,2006,0.1495647,-0.0268542,1875159.6,2.27,31738.2,2.07,6.8,28937.81,0.0069882,0.6079911,0.0424499,-0.1168831,0.0,8.310327,7.96,1.04,2.54,2.77,9.32336605302686,5.1465783270183,-1.51531143058294,0.02377137662632789,0.09301380603374798,45.751999,4.604164,108.62,75.462547,0.07129,2262.698
114,italy,2007,0.1593816,0.1222076,2126784.9,1.55,35747.14,1.82,6.1,29002.42,0.007109,0.0783284,0.0022324,-0.1029412,-0.08750000000000002,6.197332,5.45,0.68,1.52,1.72,6.22580704060764,1.82523868713313,-1.56005360677282,-0.06364806819316948,0.08133657023736607,45.785999,4.589254,124.82,81.516383,0.0637702,2279.418
115,italy,2008,0.094512,0.0737705,2306776.5,-1.17,38515.94,3.38,6.74,30030.12,0.0065546,0.2676782,0.035435,0.104918,-0.06849315068493145,-3.169132,-4.02,-1.78,-3.16,-2.53,-0.782515652461635,3.68738456649962,-3.13254892570259,-0.06190123404525527,0.09884474898073958,45.799999,4.089385,137.61,83.539507,0.058433,2250.657
116,italy,2009,0.0086544,-0.0196293,2110428.5,-5.51,35028.64,0.75,7.78,30579.44,0.006011,-0.3748159,0.0182923,0.1543027,0.0588235294117645,-17.816413,-13.12,-1.95,-9.75,-14.63,-3.537615314652,2.90261454933627,-10.7690253321717,0.0032920715004534085,0.10315558312479234,44.723,4.816443,146.29,87.376563,0.0775446,2716.22
117,italy,2010,0.0139118,-0.0711901,2053802.3,1.68,33918.64,1.54,8.42,31231.02,0.0049793,0.7828999,0.0213078,0.0822622,0.05555555555555558,11.761564,12.17,0.74,-0.2,3.64,1.74163306723178,-0.188363643583223,2.0676950586813,0.026767421201183028,0.10479799932529055,44.18,4.979011,160.46,92.884387,0.0812239,2755.044
118,italy,2011,0.0009196,0.1329341,2195292.3,0.49,36113.31,2.74,8.38,32086.75,0.0039637,-0.0786539,0.0274001,-0.0047506,-0.052631578947368474,5.419871,0.56,-0.11,-1.43,0.06,2.45144549229703,0.785210786081025,-2.11710469852455,-0.020003635989284674,0.017242619505009493,44.115002,5.447956,164.12,93.921853,0.069803,2520.776
119,italy,2012,-0.0029556,0.1532769,2012444.9,-2.39,32990.9,3.04,10.7,33062.18,0.0034545,-0.7734554,0.0303998,0.2768496,0.08333333333333348,2.03231,-8.12,-3.97,-9.74,-4.86,4.96691879598201,1.36008269539625,-5.02659507423933,0.006181294120171321,0.030021430463232468,43.853001,5.385619,177.39,93.605556,0.0671166,2214.239
123,netherlands,2005,0.109899,-0.091352,638792.34,2.17,39176.6,1.67,6.45,54195.0,0.0049291,0.0112506,0.0466846,0.0046729,-0.012345679012345734,5.760176,5.43,0.67,3.26,2.01,9.30630211941319,1.4435181071357,-2.43435393911225,0.12333469219843907,0.1879635234743986,59.707001,3.1,166.21,116.361914,0.0874635,3425.568
124,netherlands,2006,0.124516,-0.041555,678379.25,3.46,41420.26,1.17,5.47,54829.08,0.0042918,0.3528749,0.0117,-0.151938,0.0,7.172886,7.65,-0.32,6.97,2.01,6.8132591011921,8.0694055613761,-2.51890088244512,-0.00927966593202656,0.03776824034334769,60.401001,3.0,165.74,113.51767,0.1259644,5216.829
125,netherlands,2007,0.1025887,0.1286713,783273.11,3.91,47634.26,1.61,4.51,55711.83,0.003663,-0.1671654,0.0161,-0.1755027,-0.08750000000000002,5.354911,7.81,1.65,14.78,4.32,5.84992527056563,4.39875240876493,0.519242516799023,-0.08157960760700467,0.029084336611218342,61.862,3.3,184.21,113.373871,0.1210214,5765.984
126,netherlands,2008,0.060221,0.0557622,871153.71,1.77,52786.75,2.49,3.86,57099.06,0.0036496,-0.2758669,0.0249,-0.1441242,-0.06849315068493145,1.616816,-0.7,0.5,-2.96,2.03,2.48126809331894,6.39490630090274,0.407171072622314,-0.04743432842344519,0.02236135044151144,62.925999,3.546682,182.29,110.917061,0.1228677,6487.07
127,netherlands,2009,0.0066372,-0.0704226,796738.58,-3.66,48114.36,1.19,4.82,57778.54,0.0036364,0.0930528,0.0119,0.2487047,0.0588235294117645,-8.64174,-7.81,-2.39,-8.57,-7.9,-3.87584554776264,6.54566656770128,-2.86284348141871,-0.009027817608259436,0.029008548075122986,62.592999,4.41774,207.23,117.232836,0.1269783,6109.211
128,netherlands,2010,0.013272,-0.1565657,779663.13,1.57,46930.94,1.28,5.45,58518.11,0.0030193,0.447832,0.0128,0.1307054,0.05555555555555558,9.727605,8.52,-0.41,-6.78,1.55,2.56635574602946,2.84732993574119,6.61722807544221,-0.019412418391443143,0.015217148761332844,61.604,4.435741,218.27,113.66611,0.1192519,5597.61
129,netherlands,2011,0.0197261,-0.1047904,837410.89,1.07,50249.68,2.35,5.37,61166.67,0.0036123,0.3510246,0.0452606,-0.0146789,-0.052631578947368474,5.159175,3.87,-0.4,4.91,1.66,-1.61097768227082,-0.593786622010262,-7.21173514113728,-0.08822152180157627,0.011356203685122246,61.326,4.326289,223.98,114.498431,0.1167631,5865.551
130,netherlands,2012,0.0273931,-0.1772575,770561.0,-1.26,46102.68,2.45,6.42,62665.25,0.0023995,-0.0417363,0.0245,0.1955307,0.08333333333333348,3.258791,2.18,-1.51,-6.31,-2.34,-3.24901501741563,0.467621174307098,-0.818794482584873,-0.01562924825106915,0.01818879278180674,61.216999,4.559186,234.17,116.944833,0.1150064,5303.376
134,portugal,2005,0.1270089,-0.0889423,191847.86,0.78,18189.8,2.29,7.6,29070.0,0.0057197,0.278897,0.0393141,0.1428571,-0.012345679012345734,0.257735,2.185051,1.388381,0.110166,-2.48828,7.18749190805947,5.37606516304343,5.37582503715788,-0.014721724910290113,0.10730438830832334,57.171001,6.071088,141.973128,124.690399,0.0869945,1581.962
135,portugal,2006,0.1480119,-0.0290237,201790.44,1.45,19040.43,2.74,7.65,30375.0,0.0047393,0.0864273,0.0448916,0.0065789,0.0,12.446298,7.559397,1.333899,-0.756774,0.496885,7.49617716414139,1.42462242930994,-7.66763458741131,-0.006933983599142768,0.09145876479264858,57.312,6.406482,152.990055,133.33416,0.0814549,1550.644
136,portugal,2007,0.1365085,0.1331522,231741.74,2.37,21778.19,2.81,8.0,34323.29,0.0037736,0.0920444,0.1299848,0.0457516,-0.08750000000000002,6.443668,5.598476,2.308281,3.086191,2.10535,7.28597208171413,3.61715863060743,-2.72953102592832,-0.0021260079527271047,0.11151881580319012,57.251999,4.606093,162.96331,142.159884,0.0794196,1729.778
137,portugal,2008,0.0709587,0.0719424,251925.4,-0.01,23595.15,2.59,7.74,38311.77,0.0037594,0.3544537,0.1162032,-0.0325,-0.06849315068493145,-0.417025,2.23119,1.225505,0.423458,-2.645558,0.67219692591729,3.91674328706848,-3.33333181876416,-0.030151391993497367,0.05240917689805391,57.347,4.427829,175.741859,151.415293,0.0858776,2025.725
138,portugal,2009,0.005783,-0.0234899,234083.7,-2.91,21862.68,-0.82,9.63,38513.33,0.002809,-0.1963964,0.0052612,0.244186,0.0588235294117645,-10.045695,-9.495401,-2.405056,-7.538241,-8.332641,-10.9610810859068,8.84938446513206,-0.950036795472275,0.003685570047929687,0.09688624263857815,55.574001,5.088788,192.272146,159.792893,0.0835259,1825.587
139,portugal,2010,0.0356218,0.1008018,228557.52,1.38,21296.82,1.39,10.97,36549.47,0.0018674,-0.1087302,-0.0509917,0.1391485,0.05555555555555558,9.209005,7.801117,2.308609,-1.125548,1.584465,4.85101935318393,6.32409616946046,-9.52042750025021,-0.020007420726660397,0.10626751909243759,54.636002,5.144741,205.940303,155.536322,0.0890012,1895.797
140,portugal,2011,0.0290201,0.6274715,237851.89,-1.6,22333.51,3.66,12.73,37887.18,-0.0074557,-0.3233155,0.0366,0.1604376,-0.052631578947368474,6.88292,-6.180792,-3.517843,-12.592265,-1.712009,5.17189554303568,-5.39862222050482,-2.10050986226934,-0.09518955531886564,0.0288568077264042,52.82,5.071726,204.78629,156.186247,0.0630194,1407.444
141,portugal,2012,0.0312051,0.3292839,212319.36,-3.25,20022.94,2.77,15.65,38936.66,-0.0046948,-0.718176,0.0277,0.2293794,0.08333333333333348,3.080563,-6.276455,-4.933868,-16.712487,-5.82641,-5.85428529625289,-6.7312056033799,-3.30859784707405,0.05379518376993908,0.08699934642725804,50.799999,6.630413,201.24827,152.870929,0.0639398,1280.723
145,slovakia,2005,0.1164337,-0.1467066,47896.67,6.67,8844.38,2.71,11.65,13520.31,0.0018484,0.2149729,0.0992953,-0.183602,-0.03843769373837569,12.63289,14.92,4.5,16.94,6.4,10.0510918570825,14.5361832674874,2.91210259150414,-0.06507268428908108,0.0454152918780617,49.817001,5.818225,47.06,0.0,0.0340044,300.4982
146,slovakia,2006,0.1283735,-0.0725147,55877.16,8.5,10305.4,4.48,10.38,15476.77,0.0,-0.016773,0.1447051,-0.1090129,-0.042553191489361764,22.834713,19.16,6.31,6.84,17.23,4.35685393448588,9.09445825303712,-1.68743509865005,-0.07578947368421063,0.01612610980250051,51.233002,7.0,50.39,33.733924,0.032395,333.9742
147,slovakia,2007,0.1215218,0.1223203,75028.59,10.58,13814.94,2.76,8.43,19864.4,0.001845,0.0419303,0.2834979,-0.1878613,-0.16868686868686866,14.458449,9.68,7.84,10.11,10.91,11.5647803051574,5.02428481261139,-1.79561658304727,-0.03923290941337654,0.10403035200109478,52.293999,8.0,51.29,37.354525,0.031136,430.2191
148,slovakia,2008,0.0880304,0.0348315,94801.9,6.17,17422.64,4.6,7.65,23787.64,0.0018416,0.5077012,0.1975012,-0.0925267,-0.1348724179829891,3.010303,4.11,6.92,3.69,6.0,6.51186370458667,10.4241045395757,-0.242000537778975,-0.057650162071363864,0.07073849583102398,53.660999,5.873759,54.13,40.657447,0.0311702,543.1967
149,slovakia,2009,0.0286706,0.0238871,87233.42,-5.05,16000.35,1.62,11.43,22050.0,0.0018382,-0.4889532,-0.073048,0.4941176,-0.9662921348314607,-16.366935,-18.91,-0.31,-19.73,-13.04,-11.2472299039018,12.1721625781982,-8.59838274932615,-0.0917678624480095,0.06175134701874696,51.787998,7.150602,65.3,44.869065,0.0330973,529.7596
150,slovakia,2010,0.0252556,-0.0901379,87239.18,4.38,15971.67,0.96,12.48,21900.0,0.0018349,-0.0481261,-0.0068027,0.0918635,0.05555555555555558,17.335649,16.58,0.74,8.56,12.25,3.5885153668574,1.80731230365039,4.48245355352404,-0.09862768648897291,0.08355596330275206,50.507,7.200446,64.58,44.297206,0.0322474,515.2454
151,slovakia,2011,0.0377718,-0.0337995,96069.78,3.23,17556.61,3.92,13.52,25933.33,0.0018315,-1.004121,0.1841705,0.0833333,-0.052631578947368474,10.630149,7.8,-2.04,14.1,3.08,10.8390609227481,2.44664169112228,-3.69743155517923,-0.04469318091609109,-0.01497375516659627,50.765999,7.386757,65.86,45.885494,0.0308915,542.5485
152,slovakia,2012,0.0419515,0.0820266,91348.56,1.8,16774.26,3.61,13.95,25061.54,-0.0036563,163.4702,-0.0336168,0.0318047,0.08333333333333348,9.143951,2.09,0.23,-9.97,2.22,-0.105805047503449,1.98644778496468,-5.18757327080891,0.04810180678553633,0.026726554004206537,50.944,7.974666,62.96,46.188327,0.0300423,503.545
156,spain,2005,0.1884241,-0.0888078,1130798.9,3.58,26261.0,3.37,9.2,47880.0,0.0134149,0.5198683,0.0589449,-0.1489362,-0.012345679012345734,1.890665,6.96,2.39,6.97,2.55,13.8331634422388,6.8430008203944,4.452258910478,-0.019872430266975716,0.1025291166789637,51.866001,6.255456,155.57,135.983338,0.0529526,1390.59
157,spain,2006,0.1913089,-0.0413885,1236352.4,4.08,28370.37,3.52,8.5,49350.0,0.0120762,0.3296155,0.0307018,-0.076087,0.0,4.729259,8.21,2.24,7.22,2.62,11.6707055320917,8.03313701010435,-2.48787446504993,-0.08149313375807365,0.06470920683035941,53.053001,6.368151,178.96,156.760106,0.0545938,1548.81
158,spain,2007,0.1734214,0.1281338,1441427.5,3.48,32721.79,2.79,8.26,56613.7,0.0107848,0.3036397,0.1471874,-0.0282353,-0.08750000000000002,7.597043,8.24,1.5,3.93,1.29,8.85879741577074,9.41144262105202,3.77435484814792,-0.05015652147363947,0.10590328221003964,53.758999,6.690671,199.82,167.947978,0.0526809,1723.854
159,spain,2008,0.1322966,0.0716049,1593363.6,0.89,35817.19,4.08,11.33,62752.94,0.0099886,0.0691099,0.1084409,0.3716707,-0.06849315068493145,-0.906456,-5.51,-2.27,-4.29,-1.02,-15.2243498467883,8.78930779780094,-8.5739260340004,-0.0950322943557701,0.09227587544959626,52.691002,5.865347,223.15,171.187906,0.0553918,1983.8
160,spain,2009,0.0590278,-0.0380184,1455637.5,-3.74,32416.66,-0.29,18.01,58150.0,0.0092156,-0.5484686,-0.0733502,0.5895852,0.0588235294117645,-10.837913,-18.3,-4.44,-17.29,-9.68,-15.7314593355012,7.45906878302198,-11.3424002017578,0.029150676112539964,0.05662836532151849,48.873001,6.418026,233.83,173.976899,0.0574159,1861.398
161,spain,2010,0.0756951,-0.0143714,1392423.1,-0.07,30726.29,1.8,20.07,59196.7,0.0093541,-0.0952399,0.018,0.1143809,0.05555555555555558,9.063266,6.2,-0.09,-5.38,-3.01,10.2953604439177,-0.0662704162276095,-4.95321245793636,0.026461817220943207,0.06435097938438705,47.771,6.094598,240.99,172.016176,0.0531917,1634.274
162,spain,2011,0.0605088,0.1773998,1492146.0,0.71,32367.59,3.2,21.64,57116.67,0.0172109,-0.1718451,-0.0351376,0.0782262,-0.052631578947368474,8.173609,-0.59,-2.81,-7.56,-4.79,-1.31317074111019,-0.517128464513583,0.420856358645927,-0.007008363804480444,0.037153225828086445,46.914001,5.923805,248.93,167.783237,0.0567476,1836.784
163,spain,2012,0.0669569,0.1651187,1322125.7,-1.42,28278.02,2.45,25.03,58516.03,0.0140998,-0.7103788,0.0245,0.1566543,0.08333333333333348,0.935228,-5.84,-3.38,-7.42,-6.56,3.64035002050902,2.2881452422602,-1.86953359582849,0.04378075234114598,0.05521397908530301,44.938,4.535058,245.57,158.158052,0.0560025,1583.793
167,sweden,2005,0.1895852,-0.1389195,370169.45,0.87,40911.74,0.45,7.63,58613.63,0.0044395,0.045784,0.1027835,0.2053712,0.01632653061224487,6.39896,6.84,2.74,4.89,2.43,6.83683620657087,3.22655851502167,-6.30714685575667,-0.06413667990496963,0.015694406646619585,58.160999,4.8,117.09,99.133597,0.0710395,2905.707
168,sweden,2006,0.2051472,-0.0921895,399616.35,1.94,43851.24,1.36,7.04,61569.13,0.0066298,0.3287256,0.0504234,-0.0773263,-0.012048192771084265,8.613984,8.33,2.42,9.0,5.71,5.74193208722595,3.98681700864374,-2.6090420235013,-0.032420461040198245,0.041398494095763905,58.814999,4.9,120.93,102.585028,0.0731126,3207.135
169,sweden,2007,0.1837635,0.1114245,463625.19,2.75,50487.34,2.21,6.12,74530.82,0.0076839,0.267756,0.2105227,-0.1306818,-0.0840108401084011,4.595407,8.03,3.22,8.28,5.44,3.84758578408606,2.74190845114186,-3.59918200408998,0.01672138732876216,-0.05833917870011718,59.709999,4.8,129.73,110.979442,0.0741277,3743.735
170,sweden,2008,0.1406766,0.0228427,486612.15,3.14,52572.62,3.44,6.17,82019.12,0.0087146,0.0408646,0.1004725,0.0081699,-0.025147928994082802,1.85246,3.06,-0.36,0.39,-4.8,0.294106913229863,4.22207436652693,-2.10012728044124,-0.04956669087388044,0.10699077826472614,59.816002,4.7,150.75,117.709971,0.0761088,3999.511
171,sweden,2009,0.0935518,-0.114144,406411.75,2.07,43508.38,-0.49,8.3,69311.11,0.0086393,-0.3831508,-0.1549396,0.3452188,0.16084977238239762,-14.458024,-14.54,0.18,-12.67,-14.73,-2.75407206678839,2.57510251577673,-7.08559046587216,0.03718570438893187,0.019846412287017,58.005001,5.0,149.23,123.928346,0.0825735,3593.026
172,sweden,2010,0.0519533,-0.140056,462460.18,0.84,49114.29,1.16,8.58,74953.95,0.0085653,0.1671823,0.0814131,0.0337349,-0.05751633986928106,10.647214,11.48,3.28,6.24,12.6,5.08444482270587,2.97469027216273,12.2434701492537,-0.02844626053474253,-0.0025178247876320725,57.695,4.7,146.85,122.51884,0.082547,4052.516
173,sweden,2011,0.0894384,-0.1042345,538623.82,1.12,56798.88,2.96,7.8,85479.16,0.0063694,0.1954937,0.1404225,-0.0909091,-0.09986130374479885,6.719796,7.08,1.22,5.95,4.39,1.72189406951251,2.95458127706998,-7.3758570538126,-0.04634516226872909,0.0373432413305026,58.455002,4.0,152.47,123.994737,0.0779986,4431.635
174,sweden,2012,0.094684,-0.2363637,523804.38,0.95,55071.72,0.89,7.97,86239.93,0.0031646,-0.1728595,0.0089,0.0217949,0.04468412942989208,1.120796,1.01,-0.01,-1.08,-3.0,0.727904445124716,2.834589724902,-5.47330641543293,0.03845175243305121,0.007598074999692894,58.396,4.2,156.56,128.102053,0.069422,3823.718
178,switzerland,2005,0.1195375,-0.1589147,372476.75,2.64,50232.87,1.17,3.8,89692.09,0.0081522,-0.0585115,0.0117,-0.1162791,0.008064516129032251,6.473469,9.62,0.67,3.3,4.12,4.10706320995688,1.69980841801669,1.25883392226149,0.010743824745724773,0.04235202642041802,64.005997,6.93464,161.32,146.364302,0.1130494,5674.972
179,switzerland,2006,0.1293482,0.0253455,391232.67,3.63,52387.88,1.06,3.3,98428.8,0.0067385,0.0507824,0.0974077,-0.131579,0.0,6.431415,2.84,0.89,4.61,4.56,5.96932584637437,0.263271697708434,-0.806979280261721,-0.01649388347501557,0.08716273632969473,64.655998,6.488515,164.87,150.175661,0.1044853,5472.298
180,switzerland,2007,0.1271543,0.258427,434118.16,3.64,57713.13,0.73,2.78,99147.33,0.0066934,-0.2775271,0.0073,-0.1575758,-0.040000000000000036,11.283708,5.86,1.22,5.02,3.28,5.95618456847928,2.63290681982782,-4.26561125769569,0.05689600044974297,0.02664113079353947,65.162003,6.047328,167.24,153.597318,0.0997484,5758.326
181,switzerland,2008,0.0651597,-0.0607142,503215.49,2.1,66448.63,2.43,2.56,124122.2,0.0066489,-0.8590872,0.2518968,-0.0791367,-0.09999999999999987,4.163658,4.4,0.23,0.44,2.7,5.92713896422881,6.0296934692035,3.26136885622417,-0.09653257978723395,0.03272792415389714,65.905998,6.820466,165.0,145.856729,0.098055,6518.206
182,switzerland,2009,0.0176573,-0.2167301,492260.98,-1.88,64592.7,-0.48,3.72,123526.4,0.006605,5.411361,-0.0048,0.453125,0.0092592592592593,-8.709296,-2.74,0.29,-7.04,-9.15,-1.75920940677498,3.99879241132146,-2.86921708185054,-0.0887280461284281,0.03329530443136752,65.429001,8.511223,175.5,155.118472,0.1001141,6467.488
183,switzerland,2010,0.0299328,-0.1165048,527919.91,2.71,68883.08,0.7,3.85,125411.5,0.0052493,1.030444,0.0152608,0.0349462,-0.04587155963302758,12.605791,7.99,0.82,3.6,6.2,2.21300726976346,2.51812608580799,3.5264483627204,0.07329699172218862,0.03739753932972412,63.784,5.401414,172.77,153.928511,0.100038,6894.526
184,switzerland,2011,0.0252421,-0.3379121,636058.63,1.85,82583.56,0.23,3.11,125700.0,0.0052219,0.0006623,0.0023,-0.1922078,-0.14423076923076927,4.0406,8.94,0.29,2.83,6.23,2.09374628187644,1.88630156663541,-8.89183808891838,0.016809504819376597,0.020677668615814326,64.482002,5.547869,174.81,156.311694,0.0988799,8167.978
185,switzerland,2012,0.0378745,-0.4605809,631183.48,1.05,78923.6,-0.67,2.91,124857.8,0.038961,-0.1385847,-0.0067,-0.0643087,0.05617977528089879,0.688026,-2.11,1.12,4.76,-1.23,0.484488960970686,1.93695523618647,3.22893906287933,0.04488104488104483,0.03908299705928542,64.495003,5.502582,182.3,162.222195,0.0963464,7601.53
189,united kingdom,2005,0.0892652,-0.0127524,2295843.3,2.77,38135.2,2.05,4.88,66299.63,0.0051762,0.3080728,0.0071808,0.0273684,0.0,7.388955,7.07,2.05,4.26,-0.88,7.11368684855043,9.0774204306862,-0.397738808361991,0.08370554349641002,0.07243302758812331,59.312,4.216893,146.46,142.526701,0.1474609,5623.705
190,united kingdom,2006,0.0884197,-0.0409042,2452971.0,2.6,40519.43,2.33,5.43,69299.11,0.0056478,0.3796174,0.0452413,0.1127049,-0.018181818181818188,12.33778,10.54,-0.05,2.71,2.6,6.35516950752288,4.27348645545056,0.210755757256376,-0.0162140690452115,-0.01130450878025635,59.335999,6.1,155.77,153.187692,0.1606684,6509.992
191,united kingdom,2007,0.0849441,0.0673401,2825528.4,3.63,46399.17,2.32,5.35,78721.95,0.0059465,-0.1327298,0.1359734,-0.014733,-0.07407407407407418,-1.823698,-1.81,2.33,4.64,-1.6,5.82092984885831,5.5861370368766,-2.13260524665166,0.020849392504496578,0.09759548544356234,59.230999,5.5,171.55,169.87279,0.1853346,8598.821
192,united kingdom,2008,0.0609465,0.0094637,2648934.6,-0.97,43233.57,3.61,5.7,81563.8,0.0060755,-0.4209425,0.0361,0.0654206,0.08000000000000007,2.378615,-1.84,-1.43,-3.52,-2.97,4.99259402750249,11.2683768128291,-2.85767577756832,-0.20688936032505112,0.050289800023223474,59.233002,3.282959,194.65,190.018793,0.1329024,5745.875
193,united kingdom,2009,0.0185999,-0.1416667,2183861.9,-3.97,35422.22,2.17,7.63,60900.0,0.0062021,-0.0998218,-0.2533453,0.3385965,0.18518518518518512,-9.010361,-7.41,-3.7,-12.71,-8.81,-10.5012813849307,3.64754098360656,-9.47918600462689,0.034152113595560474,0.07256338613020197,57.842999,4.215606,208.9,191.588349,0.1203128,4261.905
194,united kingdom,2010,0.0325402,-0.118932,2266093.6,1.8,36528.94,3.29,7.86,63193.85,0.006326,1.030445,0.0376658,0.0301442,0.015625,6.833015,8.28,1.19,3.7,2.23,8.23216489972824,3.8747757842932,3.4191537529026,0.10605203743889868,0.023668177302263338,57.493,4.469788,206.24,183.929375,0.1202402,4391.934
195,united kingdom,2011,0.0508534,-0.0730028,2429403.5,0.92,38922.14,4.48,8.08,70083.87,0.0061251,-0.5446519,0.1090299,0.0279898,-0.04615384615384621,6.931182,2.62,-1.12,0.57,-3.05,5.357781628472,0.0887775437598215,-7.63825553436697,0.006125080593165633,0.010623051541699846,57.319,4.315052,197.16,170.120123,0.1157989,4506.926
196,united kingdom,2012,0.0579177,-0.2526003,2471600.1,0.27,39367.27,2.82,7.94,66361.91,0.0057674,1.760379,-0.0531072,-0.0173267,0.016129032258064502,0.804441,1.97,1.01,1.52,-0.37,0.186295692049909,2.76466524099359,4.97991427096658,-0.01896460256012933,0.030505160449366908,57.556999,4.682679,192.18,160.676701,0.1199793,4723.493
